id,problem,solution,category,average score
1,"The construction industry is indubitably one of the significant contributors to global waste, contributing approximately 1.3 billion tons of waste annually, exerting significant pressure on our landfills and natural resources. Traditional construction methods entail single-use designs that require frequent demolitions, leading to resource depletion and wastage.   ","Herein, we propose an innovative approach to mitigate this problem: Modular Construction. This method embraces recycling and reuse, taking a significant stride towards a circular economy.   Modular construction involves utilizing engineered components in a manufacturing facility that are later assembled on-site. These components are designed for easy disassembling, enabling them to be reused in diverse projects, thus significantly reducing waste and conserving resources.  Not only does this method decrease construction waste by up to 90%, but it also decreases construction time by 30-50%, optimizing both environmental and financial efficiency. This reduction in time corresponds to substantial financial savings for businesses. Moreover, the modular approach allows greater flexibility, adapting to changing needs over time.  We believe, by adopting modular construction, the industry can transit from a 'take, make and dispose' model to a more sustainable 'reduce, reuse, and recycle' model, driving the industry towards a more circular and sustainable future. The feasibility of this concept is already being proven in markets around the globe, indicating its potential for scalability and real-world application.",Sustainable Design,69.54545454545455
2,"I'm sure you, like me, are feeling the heat - literally! With World Health Organization declaring climate change as """"the greatest threat to global health in the 21st century"""", we're in a race against time to move away from fossil fuels to more efficient, less polluting electrical power. But as we take bold leaps into a green future with electric cars and heating, we're confronted with a new puzzle - generating enough electrical power without using fossil fuels!  ","Imagine standing on a green hill, not a single towering, noisy windmill in sight, and yet, you're surrounded by wind power generation! Using existing, yet under-utilized technology, I propose a revolutionary approach to harness wind energy on a commercial scale, without those """"monstrously large and environmentally damaging windmills"""". With my idea, we could start construction tomorrow and give our electrical grid the jolt it needs, creating a future where clean, quiet and efficient energy isn't a dream, but a reality we live in. This is not about every home being a power station, but about businesses driving a green revolution from the ground up!",Technology and Innovation,69.54545454545455
3,"The massive shift in student learning towards digital platforms has resulted in an increased carbon footprint due to energy consumption from data centers and e-waste from obsolete devices. Simultaneously, physical books are often produced, used once, and then discarded, leading to waste and deforestation.  ","Implement a """"Book Swap"""" program within educational institutions and local communities. This platform allows students to trade books they no longer need with others who require them, reducing the need for new book production and hence, lowering the rate of resource depletion. Furthermore, the platform could have a digital component to track book exchanges, giving users credits for each trade, which they can accrue and redeem. This system encourages and amplifies the benefits of reusing and sharing resources, thus contributing to the circular economy.   By integrating gamification, getting students and parents involved and providing an easy-to-use platform, the program could influence a cultural shift towards greater resource value appreciation and waste reduction. In terms of the financial aspect, less reliance on purchasing new books could save money for students, parents and schools.",Technology and Innovation,65.45454545454545
4,"The fashion industry is one of the top contributors to global pollution. The mass production, distribution and disposal of clothing is not sustainable long-term, leading to the release of greenhouse gases from manufacturing, shipping and wasted clothing in landfills.   ","The proposed solution is a garment rental service. Such a service should work closely with major clothing brands. When buying items, customers should have the option to buy or rent. This model would be like a subscription service where customers can select a set number of items each month, wear them, then return them for other items. Clothing would be professionally cleaned between customers and repaired as necessary to maximize its life cycle. When a garment is no longer suitable for rental, it can be recycled into new clothes. This solution reduces the number of garments produced, the amount of transportation needed, and the quantity of clothes going to landfills. Completely damaged or unusable textiles can be reused or recycled into new products. It also gives financial value to businesses as it transforms fashion from a single-purchase model into a subscription service, creating a continuous income stream. Its feasibility and scalability depend on factors such as location, culture, and income level. However, as digital platforms become more common for commerce, this concept could be globally implemented.",Technology and Innovation,69.54545454545455
5,"The majority of the materials used in producing electronic goods are not being utilized optimally. Numerous electronic devices are replaced before their lifespan ends, often due to minor malfunctioning or outdated components, resulting in significant production of electronic waste and underutilization of natural resources.  ","An innovative concept would be a modular electronic device model where users are able to upgrade or swap components, rather than replacing the entire device, thus promoting a circular economy. This goes beyond just restoration but rather the idea of creating an electronic gadget that thrives on reuse and modifications, maximising the life and value of each part.   Manufacturers need to design gadgets with modules for core components, allowing for easy upgrades or replacements. For instance, a smartphone could have individually upgradeable components: camera, battery, CPU, etc. When a module fails or becomes outdated, only that module needs to be replaced.  This idea promotes resource use efficiency and significantly cuts waste, under the 'reduce, reuse, repair' mantra. The replaced modules should be sent back to manufacturers for refurbishment or extraction of critical raw materials.   For businesses it opens a new market space, enabled by sale of modules and recycled components, providing long term value capture. It also increases customer loyalty as they continually engage with the manufacturers in the lifecycle of their device. The model is scalable as it allows for the continuous incorporation of technological advancements within the same core device.   This modular approach is not only novel but it clearly addresses the broader picture of how electronic devices should be designed for a circular economy, considering environmental protection, resource efficiency, economic viability, and customer value.",Sustainable Design,71.36363636363636
6,Businesses worldwide expend substantial financial resources on paper-based transaction evidence like printed receipts. This not only adds to operational costs but also contributes to environmental degradation due to paper wastage and lack of recycling.,"The proposed solution involves developing a secure mobile app that digitizes the process of storing transactional evidence. In lieu of printed receipts, the app records and stores all customer purchase data. A 'tap-and-go' feature would facilitate smooth transactions.   Environmental Impact: This reduces paper consumption significantly, thereby promoting resource conservation and lowering the waste generated every year due to discarded receipts.  Financial Impact: Businesses stand to make substantial savings on paper, printing, and storage costs over time. Given the trend of digital technology adoption, offering digital receipts can also enhance customer experience leading to potential increased patronage.  Feasibility and Scalability: With the rise of digital technology acceptance, implementation of this solution is feasible. Businesses of all sizes, from local shops to multinational chains, can adopt this system, thus indicating high scalability. Increasing smartphone penetration offers an existing infrastructure that can host this solution, reducing the barriers to entry and adoption.   The focus will remain on the environmental and financial benefits of this proposed solution, although additional """"quality of life"""" features may be developed over time to increase user engagement and usage.",Technology and Innovation,58.63636363636363
7,more than 130 Billon plastic bottles waste annualy in Egypt,Bariq factory to recyle plastic bottels,Waste Management or Reduction,29.545454545454547
8,"In congested cities like Berlin, one of the significant challenges faced by carsharing users is the difficulty in finding a parking spot and handing over the vehicle, resulting in extended driving distances, increased costs, frustration, and augmented fuel consumption.  "," Let's revolutionize the carsharing experience with our creative solution! Implementing a three-part strategy consisting of a """"Handover Radar"""", """"AI-based Forecasts"""", and """"Ride-sharing Radar"""".  1. The """"Handover Radar"""" - think of it as GPS for people! It connects drivers to potential renters in their destination area, eliminating the need to search for parking.  2. """"AI-based Forecasts"""" - Our crystal-ball for car availability! Using past patterns and real-time data, it predicts car availabilities for renters, increasing overall efficiency majorly.  3. """"Ride-sharing Radar"""" - Your carpooling maestro! It connects drivers and passengers heading the same way, reducing costs while providing a convenient option for pedestrian commuters.  Get ready to enjoy a seamless carsharing experience, save money, reduce frustration, and, most importantly, contribute to our planet's health! Let's drive towards a greener future together!",Technology and Innovation,65.45454545454545
9,"One major global issue we face today is the surplus of plastic waste. Single-use plastics are commonly used for packaging in various sectors, like retail, food, and manufacturing. These plastics, often non-recyclable or ignored during waste management, clog up our oceans, harm wildlife, and end up in landfills, where they take hundreds of years to degrade. Furthermore, producing these plastics requires a significant amount of energy and resources and contributes to environmental degradation.  ","My solution is an innovative Reloop - System, which involves a comprehensive 'Packaging as a Service' model for businesses across sectors.   In the first step, productions and businesses would eliminate their need for newly produced plastic packaging whenever possible, by collaborating with a 'Packaging as a Service' provider. Each business would regularly receive high-quality, standardized, reusable containers from the service. They fill these containers with their products, and after distribution, the used containers are rounded up from retail stores or directly from consumers.  The second step involves the cleaning and sanitation process. Gathered containers are mechanically cleaned and sterilized, making them ready for reuse. As these containers are durable and designed for multiple uses, this process significantly reduces the demand for single-use plastics.  Lastly, the circular nature of this model ensures massively reduced plastic waste production and encompasses a viable financial model. Businesses save money by reducing expenditure on plastic packaging production or procurement. The service creates new job opportunities in the collection, cleaning, and redistribution of containers, contributing to the economy. While this idea may face implementation challenges due to existing infrastructures and systems, its long-term benefits and scalability make it a feasible solution to the current plastic waste problem.",Waste Management or Reduction,70.0
10,The usage of plastic bottles,"Creating a service that sells bottles, and re-fill them with soda, water, juice or anything you want. This service will have stores and whenever you want to fill your bottle you can go there  insted of buying a new bottle of water or soda or anything.",Sustainable Design,61.36363636363637
11,"Despite the environmental principles behind a reusable packaging service model, in its current form, it demands significant adjustments from businesses, requires customer cooperation, may induce additional costs, and presents operational risks. Additionally, while the concept supports the circular economy, it lacks novelty.  ","To resolve these constraints and amplify the novelty factor, we are proposing an innovative """"Smart Packaging as a Service"""" model. The core of our idea revolves around developing intelligent, durable, and reusable packaging equipped with IoT (Internet of Things) sensors. These smart packages can provide real-time data about the package's location, state, and conditionÃÂ¢ÃÂÃÂhelping businesses to streamline their logistics, reduce waste, and lessen the environmental impact, while also enhancing customer experience.  Novelty lies in how we transcend the usual reusable packaging model by integrating IoT technology. The interactive platform associated with IoT would encourage customers to return the packages by providing benefits such as loyalty points, adding a gamification aspect. Furthermore, it can generate new revenue streams by leveraging the data gathered, enabling businesses to optimize their operations, reduce costs or even sell this data to interested third partiesÃÂ¢ÃÂÃÂmaking the proposition not just cost-effective, but financially rewarding.   The nature of IoT allows for scalability with growth and feasibility in several industries from food delivery, retail to pharmaceuticals, and more. Environmental impact is felt not just through the direct reduction in singular use packaging, but also from the optimised logistics reducing additional carbon emissions. This Smart Packaging as a Service offers an evolved take on the traditional Packaging as a Service model, increasing the novelty and improving upon the financial and environmental impacts and feasibility.",Technology and Innovation,68.18181818181819
12,"The fashion industry is the second-largest polluter in the world, right after the oil industry. Every year, the world consumes about 80 billion new pieces of clothing, and this production consumes resources, raises the carbon footprint, and produces waste. The fast fashion cycle encourages this overconsumption model, causing tremendous stress on our planet's resources.   ","Our solution to this is to transform the way we consume fashion through the creation of a shared fashion platform ÃÂ¢ÃÂÃÂ a fashion library. The fashion library will function on the concept of lending versus owning; it's like Airbnb but for clothes.   Customers become members and can borrow from a vast clothing collection for a duration of their choice, starting from day-long rentals for special occasions to month-long arrangements for regular wear. The clothes are then returned, cleaned, and made available again for the second round. This creates a constantly rotating wardrobe, reducing the need for production of new clothes, thus minimizing environmental footprint and wastage.  This library could contain pieces from a variety of sources including designer collaborations, garments from sustainable brands, donations from individuals, and more. It encourages the reuse and recycling of garments, immensely reducing the environmental impact caused by constant production.  From a financial perspective, this model can be lucrative for businesses as it provides access to a larger customer base; consumers who typically can't afford designer or high-quality sustainable clothing can now access these pieces at a fraction of the cost.   The feasibility and scalability of such a concept have already been proven with successful pilot projects in cities like New York and London. With increasing environmental consciousness among consumers, this model has the potential to disrupt and transform the fashion industry, making it more circular, sustainable, and inclusive.",Sustainable Design,72.27272727272727
13,"The fashion industry has a considerable environmental impact due to high resource utilization and waste. However, implementing a """"pure"""" rental model may face several feasibility and scalability issues, and the environmental benefits may be offset by the footprint of maintenance and logistics.  ","Instead of a complete rental model, we propose an """"Integrated Clothing Lifecycle Management"""" system, where businesses not only rent out clothes but also sell second-hand clothes, create clothes from recycled fibers, and incentivize consumers to participate in these activities. In the proposed model, companies should collaborate with local businesses like laundromats and recyclers, turning every city into a practical network hub of the circular economy, which will reduce the carbon footprint of logistics. This model increases customer engagement and improves feasibility by offering options that falls in line with comfort for different market segments. It is scalable as it can be adapted by both big brands and local businesses, and it reduces the dependency on garment production and the associate environmental toll. It thus provides a financial prosperous scenario as well, by tapping into the burgeoning second-hand and sustainable market.",Sustainable Design,70.9090909090909
14,The solution is meant to solve the issue of electronic waste and reduce the heap of idle electronic products in our homes,"E waste has always been a growing problem in the world. The inclusion of circular economy techniques in our day to day life can bring about a huge change in this context. The consumer electronic goods that remains idle in our homes or is inoperative can be thought of as a means to implement the idea. If there exists a system which can collect the inoperative home consumer goods, extract the different parts like transistors, diodes, etc and make it to use in future products, I think it may reduce the problem of e waste marginally. Even if the parts are damaged, in some cases, trying to repair them can be much more cheap way than building a new component altogether. Thus even the manufacturing cost can be reduced. Also, there can be a quick supply of electronic components in the market. 
There can also be a responsible framework of second hand consumer electronic goods. Thus even the poor people can afford the best of consumer electronics without spending much from their pocket. This will include more people in the consumer electronics market which can in turn improve the market forces.",Waste Management or Reduction,60.0
15,"Single-use plastic packaging has become an all-too-common sight in our environment, resulting in detrimental environmental impacts. Studies show that approximately 8.3 billion tonnes of plastic have been produced since 1950, and 60% of that plastic ends up in either our landfills or the natural environment. This contributes greatly to pollution, harms wildlife, affects human health, and exacerbates climate change.   ","To alleviate this problem, we propose developing a consumer-friendly, easy-to-use app that manages and optimises the reverse logistics of packaging. Imagine this: when purchasing a product, consumers will pay a one-time fee for reusable packaging. After use, they can return the empty packaging via designated collection points or direct pickup services. The app will facilitate this process by tracking, scheduling pickups or locating nearby collection points. The packaging is then cleaned and reused, thereby reducing the need for new plastic production and ensuring the packaging circulates within the economy, instead of ending up as waste. This app will not only help consumers make more sustainable choices but also incentivise producers to shift towards a circular economy model.",Waste Management or Reduction,70.0
16,"The fashion industry contributes about 10% of global CO2 emissions, with fast fashion being the major contributor. Fast fashion leads to the creation of end-of-life waste, where 85% of textile waste ends up in landfills or is incinerated. Furthermore, the industries involved in the production of fast-fashion are found in developing countries where workers face poor working conditions, and economies struggle due to rising waste management costs.  ","""""Full Turn Fashion"""" is a comprehensive circular economy model designed to tackle fashion waste and pollution. Ushering the paradigm shift from usual 'produce-use-dispose' to 'reduce-reuse-recycle, we encourage consumers to return their worn-out clothing which we will collect, sort and recycle into unique, locally produced garments. Wastes unsuitable for direct recycling will be decomposed to produce organic dyes and materials. Operating specifically within fast-fashion importing countries, these processes involve local SMEs and communities, promoting local economy growth and creating jobs. Financial feasibility is achieved through revenue from the sale of upcycled apparel and premium value added to Geographical Indication. Our model is scalable, with potential for network expansion across other fast-fashion importing countries, steering the global fashion industry towards sustainability.",Sustainable Design,72.72727272727273
17,"Rapid advancement in technology and our demand for the latest electronic devices, such as laptops, computers, and other digital gadgets, result in huge amounts of electronic waste. It's not just harmful for the environment but also poses potential health risks due to the toxic materials contained in these gadgets.  ","We can contribute to the circular economy by developing a comprehensive online platform that connects people who want to lease their unused electronic devices with those in temporary need of such gadgets. This online marketplace would host a range of electronic devices, including computers, laptops, audio equipment, and other peripherals.   By doing so, we reduce the demand for new electronic goods, thus slowing down tech-related waste generation. As for financial impact, the website's leasing model could become a new revenue stream for electronic device owners and an affordable equipment source for consumers, businesses, and even schools and non-profits.   Features of this platform would include user accounts, device listings, transparent ratings and reviews, secure payment processing, lease agreement creation, and a seamless connection with shipping services. Implementation is highly feasible with current e-commerce technologies, and scalability is vast as digital gadgets are universally used and often replaced. The environmental impact is significant, as it directly targets the pressing issue of electronic waste and energy consumption.",Waste Management or Reduction,70.45454545454545
18,Reducing plastic use in the food industry is a formidable challenge. Conventional mechanisms to incentivize the return of containers are somewhat reliant on individual motivation and may not be effective enough.,"Building on the Green Box Project, a digital solution could be implemented to enhance novelty and facilitate financial impact. The use of smart technology can incentivize the return of containers without requiring consumers to carry and return containers physically - Let's call this 'Smart Green Box'.  In Smart Green Box, the initial design is enhanced with IoT (Internet of Things) technology. Each reusable food container would be embedded with an RFID chip. These chips can track the movement of containers, assist with inventory management, and also track incentives for users.   When a customer buys food in a Smart Green Box, they earn points (using a dedicated mobile app) with each purchase. On returning the container in any collection kiosk (which can be placed abundantly in supermarkets, malls, and strategic areas), the app registers the return, adds points, and calculates the equivalent financial value- a direct discount on their subsequent purchases.  This model would have quick and tangible financial benefits for both businesses and consumers. For businesses, lost containers would be minimized (thus protecting the investment), and customer loyalty could increase through regular use of the app.   Consumers not only get the compelling financial incentive of discounts on future purchases but also the convenience of not needing to return containers to specific locations.   Furthermore, this approach could scale rapidly. With the use of technology, businesses can track real-time data which could be used to improve and adapt the system as it grows.   The digital upgrade adds a new dimension to the idea, making it a more unique solution. It also ensures a more predictable financial benefit, which would make it attractive for both businesses and consumers.",Waste Management or Reduction,68.63636363636364
19,"In a fast-paced, consumer-driven society, electronic waste or e-waste is a growing problem. The average lifespan of electronic gadgets has significantly reduced over the years, culminating in rapid obsolescence and increased generation of e-waste. This problem has grave environmental and health implications as harmful components of e-waste, including mercury, lead, and other toxic elements, can leak into the soil, air, and water. Businesses in the technology sector often adopt a linear model of 'create-consume-dispose,' which accelerates the rate of e-waste generation and masks the potential of valuable resources in such waste for recycling or refurbishment.  ","To address this issue, businesses can transition to a circular model that promotes the recycling, refurbishing, and repair of electronic devices. Companies adopting this system would allow consumers to return their old devices when they buy a new one, similar to trade-in programs. The old devices would be either refurbished and sold in secondary markets or responsibly recycled to extract vital components. Additionally, these companies can design products for longevity, and incorporate designs for easy disassembly allowing efficient reuse and recycling of components. This also initiates the need for repair services, sparking potential for new revenue streams. Such an approach not only cuts down e-waste and its environmental impact, but also allows businesses to reduce manufacturing costs and tap into new markets, thereby creating additional financial value.",Sustainable Design,70.0
20,"The fast fashion industry promotes high consumption rates, resulting in huge amounts of waste and pollution. There is an unmet need for sustainable fashion consumption that encourages reuse and conservation, adds novelty, and addresses environmental and financial concerns.  ","I propose an innovative digital platform that uses Augmented Reality (AR) technology for consumers to """"try on"""" and virtually own clothing items. This would permit customers to experience wearing various fashion items without the need for physical ownership. Besides reducing waste and pollution associated with production and disposal, such a platform would provide unprecedented variety in virtual wardrobes, thereby catering to the consumer desire for constantly changing styles.  Users could pay a subscription fee to access a vast virtual fashion library, thus generating steady revenue for businesses. The AR technology can be continuously updated and scaled up, enabling expansion into new markets and styles. While upfront investment in technology development and updates may be significant, this will be offset by reduced production costs and increased customer reach. The environmental impact would be vastly reduced as clothing production would drop dramatically, effectively addressing one of the world's largest polluting industries. The novelty lies in the use of AR technology in this field, which still is a largely untapped area. This integrates technology with sustainable fashion practices, creating value for consumers, businesses, and most importantly, our planet.",Sustainable Design,70.0
21,Encourages a circular economy and minimizes waste by reducing the need for customers to buy new clothes.,"Companies can offer clothing rental services for events or special occasions, reducing the need for customers to buy new clothes and promoting the circular use of resources.",Circular Supply Chains,43.63636363636363
22,"Create Awareness of the propensity of Reduce, Reuse, Brick building","I have developed this solution in the construction sector and I got the initiative from a course I took termed """"Waste Management in Developing Countries"""" from Couserra and my point of reference being that quite alot of materials still end up as gabbage in my country and also in the building & construction.

The application of concrete which is a mixture of gravel, cement, sand and water with the addition of metals mostly in the construction of beams and pillars has its drawbacks as the metal's rust with time and it's main function of withholding the tensile stress of the load is eroded leading to the weakening of such structures and their eventual collapse.

I have made 5 bricks using natural materials
-crushed granite
-beach sand
-crushed bottles
-cement
-clay
-water

In different proportions in order that they may be used in water logged areas and also so the world can have a concrete structure without metals included in the casting thereby retaining the strength of the structure using crushed bottles instead which also has the needed stress holding capacity when reacted with cement as well as luminance and giving beauty.

However, it is to be noted that this work is still subject to evaluation. Also in making the bricks, I was confident of the success of the innovation because
- clay is abundant in Nigeria
-houses built with clay bricks have a longer lifespan than traditional bricks
-clay bricks are also more environmentally sustainable
-a large chuck of bottles are still discarded here or simply broken to pieces and a minute quantity going to recycling

I also desire to improve on the strength of the bricks because I employed sun drying to remove the moisture content. I wish to employ oven drying and subject them to hotness and coldness test. Also I aim to build my own house with the bricks even if it's not accepted globally.",Sustainable Design,50.90909090909091
23,Encourages a culture of sharing and minimizes waste by reducing the need for customers to buy and dispose of products.,"Companies can offer products as a service, where customers pay for access or usage rather than ownership. This can be done through subscription models or pay-per-use systems.",Business and Economic Models,58.63636363636363
24,"Green house emissions, depleting resources","Food waste is a major contributor to greenhouse gas emissions, and initiatives that promote circular food systems can help reduce waste and improve food security. These initiatives include composting programs, food recovery programs, and urban farming.

 Designing products with the end-of-life in mind can help create a more circular economy. For example, designing products with easily disassembled components, making them easier to repair or refurbish, or using materials that can be recycled or composted.",Sustainable Design,37.27272727272727
25,"The extensive energy consumption of buildings due to inefficient equipment and wasteful habits, particularly for lighting and HVAC systems, negatively impacts environmental health and can also be a significant expense for businesses.  ","A comprehensive building-integrated photovoltaic (BIPV) system could be an innovative approach to address these issues. BIPV systems are essentially solar panel arrays that are integrated into the building itself, and not just simply attached to the roof. They can be incorporated into the walls, roof, and even windows, not only providing a more aesthetically pleasing look but also increasing the surface area for energy generation.  For individual households or businesses, using BIPV systems would drastically cut their dependency on electricity from the grid, reducing both environmental impact and electricity costs. Any surplus energy generated could be sold back into the grid (where permissible by law), creating a further financial incentive for BIPV use.  In terms of lighting, integrating the BIPV with intelligent LED lighting systems, which adjust their outputs based on natural light levels and room occupancy, would further enhance energy efficiency and energy conservation.  Regarding HVAC systems, the electricity produced by the BIPV system can power high-efficiency HVAC systems that make use of environmentally friendly refrigerants.  Further, researchers are exploring the recycling of solar panels, which could be an added benefit for the BIPV system in the long run. Governments and businesses should recognize the immense potential of BIPV technology and encourage its implementation through the provision of incentives and education.",Sustainable Design,69.54545454545455
26,The low-density polyethylene (LPDE) material used to make food packaging and shopping bags makes them unacceptable for recycling more than once.,"Low-density polyethylene (LPDE) bags can only be recycled ONCE because they can interfere with sorting machinery.

The initiator used in the production of grocery and shopping bags is ORGANIC PEROXIDE, which poses a risk to human health after recycling. Because of all its harmful effects, this initiator is the primary reason for IMPOSSIBLE RECYCLING. When using organic peroxide in any form of product, a REPLACEMENT or RECYCLEABLE INITIATOR should be used.

MAKING OF LPDE:

Unreacted gas is first compressed by melting natural gas ethylene to form new first-compression gas. In the second compressor, this newly compressed gas is once again melted with unreacted gases. At this point, a catalyst (organic peroxide) and a second compressed gas are mixed into the reactor. Polymerization occurs at a particular pressure and temperature. The unreacted gases are then separated from the polymerization process to extract the polymers, and now they are finally pelletized. Thereafter, the pellets can be dried by injecting hot air. Now, these pellets are used to make plastic bags.",Waste Management or Reduction,48.63636363636363
27,Single-use Plastic,"Fast food chains have huge volumes in terms of sales on a daily basis.
What happens with all the packaging that they have for each sales? It becomes a waste. 
This is why introducing reusable, returnable packaging as an effort to slash single-use plastic can be a great solution in terms of circular economy. ",Waste Management or Reduction,41.81818181818182
28,"On a global scale, massive amounts of food gets wasted at a shocking rate. This is particularly prominent in the restaurant and fast-food industry where surplus food and ingredients are often discarded. This rampant food waste not only has a significant environmental impact, but it also overlooks the potential value of these resources that could otherwise be tapped into.  ","I envision a unique and exciting solution where restaurants and fast-food chains create partnerships with local composting enterprises. In this system, these businesses would collect their food waste and sell it to composting companies who would then convert this waste into nutrient-rich soil. This soil can be sold back to local agricultural producers or to the general public for home gardening use. Not only does this minimize the amount of food waste going into landfills, it creates a new revenue stream for both the restaurants and the composting companies. Moreover, this rotation completes a full-circle economy where resources are put to best use. It promotes healthy eating, community growth and a sense of unity as we all strive for a greener and healthier earth. This action might seem small, but the collective impact can be massive! Let's turn the tide on food waste and create a tastier and greener future together!",Waste Management or Reduction,69.54545454545455
29,Using new technology and developing environmentally friendly materials is also a solution to address the issue of plastic waste. New plastic products developed with environmentally friendly materials will help reduce the amount of plastic waste generated and minimize the impact on the environment.,"Nowadays, plastic waste is becoming a serious issue for the environment and human health. According to some studies, about 8 million tons of plastic waste are dumped into the ocean each year, affecting the lives of millions of marine creatures and humans. To address this issue, we need to find solutions and ideas to mitigate and recycle plastic waste.

The most common solution is to reduce the use of plastic waste. This can be done by using alternative products such as paper, wood, metal, and other natural materials.

Using reusable products can help reduce the amount of plastic waste generated. You can use cloth bags instead of plastic bags, reusable bottles and jars for drinking water and not using plastic bottles each time.

Recycling plastic waste is another solution to reduce the amount of plastic waste generated. We can recycle plastic products such as bottles, bags, and other plastic utensils to create new products and reduce the amount of plastic waste dumped into the environment.

Raising community awareness and education about plastic waste is an important solution to address this issue. We can use awareness campaigns to reduce the use of plastic and increase awareness of the impact of plastic waste on the environment.

Using new technology and developing environmentally friendly materials is also a solution to address the issue of plastic waste. New plastic products developed with environmentally friendly materials will help reduce the amount of plastic waste generated and minimize the impact on the environment.

With the solutions and ideas above, we can contribute to protecting the environment and reducing the impact of plastic waste. However, there are still many challenges to face, and we need cooperation and collective effort to address this issue.

Businesses can play an important role in promoting the use of environmentally friendly products and enhancing recycling activities. Governments also need to provide supportive policies to help businesses and individuals implement environmental protection solutions.

Moreover, we need to recognize the importance of reducing the use of plastic waste and enhancing community education and awareness of this issue. Each individual can contribute to reducing plastic waste by using eco-friendly products, using fabric bags instead of plastic bags, recycling plastic products, and reducing the amount of plastic waste generated.

In the future, it is necessary for all parties to cooperate and make efforts to solve the problem of plastic waste. We need to find innovative and effective solutions to reduce the use and recycling of plastic waste, protect the environment, and ensure the health of humans and living creatures on our planet.",Waste Management or Reduction,60.0
30,How human hair can be used to make clothing material,"Woven fabrics: Hair can be woven into fabrics to create clothing items such as shawls, scarves, and blankets.

Knitted garments: Hair can be knitted into garments such as sweaters, hats, and scarves.

Felted clothing: Hair can be felted into dense, wool-like material to create clothing items such as jackets, coats, and hats.

Braided or plaited designs: Hair can be braided or plaited to create decorative accents for clothing such as trim, tassels, or straps.

Lace-making: Hair can be used to create delicate, intricate lace designs for clothing or accessories.

Embroidery: Hair can be used as a decorative material in embroidery, adding texture and dimension to clothing items.

Yarn spinning: Hair can be spun into yarn, which can be used to knit or weave clothing items.

Weaving hair into existing fabrics: Hair can be woven into existing fabrics to create unique, one-of-a-kind clothing items.

Hair extensions: Hair can be used to create hair extensions for adding length and volume to natural hair.

Wig-making: Hair can be used to create wigs, which can be styled and used to create a wide range of different hairstyles and looks.

It's important to note that human hair may not be suitable for all clothing applications, and may pose certain health and hygiene concerns. Additionally, there may be ethical considerations to take into account when using human hair for clothing production.",Sustainable Design,54.09090909090909
31,"Landfills are filling up with post-consumer waste from the textile industry, which consists of non-degradable material, harmful chemicals, and dyes. Additionally, this forms a significant part of the waste that finds its way to the oceans, harming marine life.  ","The solution is to build an ecosystem around a 'Clothing as a Service' model, which could include a subscription-based clothing rental, an artist platform for clothing customization, and a circular-supply chain powered by textile recycling technologies.   The uniqueness of this solution lies in the added layer of customization and making it into an ecosystem. It combines clothing rental, repair, artist promotion, and textile recycling in one model.  The clothing rental service would work like the previous model, but be subscription-based to provide more flexibility. A points-based currency could also be introduced, which would allow subscribers to avail higher-value items at discounted rates.   An innovation that could set this idea apart is promoting ÃÂ¢ÃÂÃÂwearable artÃÂ¢ÃÂÃÂ ÃÂ¢ÃÂÃÂ partnering with local artists to customize clothing items for an additional fee, promoting local art culture, plus bringing uniqueness into the rental catalog.   To make this model circular, post-consumer and post-rental clothes beyond repair could be sent to partnered recycling plants, where they will be treated and turned back into raw textile materials to produce new clothes.   This enhanced model provides significant environmental benefits by reducing textile waste generation, promoting reuse and recycling of clothes. Customizations and recycling efforts can create additional revenue streams while supporting local artists and recycling industries.   As for feasibility and scalability, digital platforms and logistics companies can make this operation feasible on a large scale, while partnerships with artists and recycling factories can enable further expansion. A well-implemented model that addresses potential concerns about cleanliness, quality, and variety, as well as a positive marketing campaign showcasing the environmental and financial benefits to consumers, can increase its acceptability. Hence, the solution is not only feasible and scalable, but it also improves community engagement and the green credentials of the fashion industry.",Sustainable Design,72.72727272727273
32,"Accelerated depletion of natural resources, landfill overflows, environmental pollution from the construction industry, and inadequate recycling of plastic waste.  ","Introduction of """"Recycled Plastic Building Materials"""". Plastic can be repurposed into varied construction materials, significantly reducing dependence on traditional resources and minimizing plastic waste.  1. Roofing tiles 2. Reinforced concrete through plastic fibers 3. Indoor insulation 4. Structural lumber (as an alternative to steel and wood) 5. PVC windows (supplanting steel, aluminium, and wooden windows) 6. Recycled plastic bricks, flooring and ceiling tiles 7. Environment-friendly plastic fences 8. Plumbing systems using recycled plastic pipes  Circular Economy Contributions:      1. Waste and Pollution Reduction: Recycled plastic construction materials reduce plastic waste, help curb soil pollution associated with mining, and limit landfill accumulation.  2. Product and Material Circulation: Once utilised, these plastic-based construction materials can be recycled again, creating a continuous usage cycle.  3. Nature Regeneration: Finishing materials with wood or stone-like aesthetics can significantly lower demand for real wood or stones, thereby conserving natural resources.  Environmental Impact: Reduced landfill usage, lesser pollution caused by plastic waste, and conservation of natural resources.  Financial Impact: Affordable construction materials could be introduced in the market, potentially driving down construction costs.  Feasibility and Scalability: With the commonality of plastic waste, production could be scaled up quickly, given the necessary investment in recycling facilities and technology. It could become a global solution for sustainable and affordable construction.",Sustainable Design,68.18181818181819
33,"In our fast-paced world, every year billions of electronic devices are sold, and after a relatively short lifespan, they are often discarded resulting in a huge e-waste problem. Not only is e-waste hazardous, but it's also a loss to the industry in terms of valuable resources like precious metals and rare earth elements.   ","My solution proposal is an """"Electronics Leasing System"""" where instead of buying gadgets and electronic devices outright, consumers would pay for the usage of the device over a certain period of time. The ownership of the devices remains with the manufacturers. Once the device's lifespan is over, or the consumer wishes to upgrade, the device is returned to the company. This returned device can then be refurbished and leased again or recycled in a controlled, environmentally friendly way to recover valuable resources. This system results in lesser e-waste generation, efficient resource usage, and a financial win for both customers and businesses due to lowered upfront costs and resource recovery.",Business and Economic Models,58.63636363636363
34,"Electronic waste, or e-waste, is a major environmental issue. The consumer electronics industry is characterized by high rates of product replacementÃÂ¢ÃÂÃÂold devices rapidly become waste as consumers chase the latest technology.   ","My idea is to introduce a business model where companies adopt a subscription-based service for electronics. Instead of buying a physical product, consumers subscribe to the service, and the company provides them with the latest electronic device. When a new model is introduced, the company reclaims the old models for refurbishment and recirculation or for part harvesting to generate new products. This approach can reduce e-waste and stimulate sustainable business practices. It promotes reuse and recycling of materials, allows for continued technology advancement, and creates a long-term relation between consumers and companies that can lead to sustainable consumption habits.",Business and Economic Models,66.81818181818181
35,Give companies control over Customer Experience and Reputation Online,Empowering Customer Experiences and unlock hidden opportunities for the company,Business and Economic Models,24.545454545454547
36,"EchoMe is an initiative meant to reduce the work load to typing. A software to be developed and accessible globally. It is a voice activated program meant to listen to the voice of the user and automatically type in the words of the user. This directive facilitates easiness of internet use for the disabled and impaired, it is meant to save time, provide higher accuracy, reduce mistakes and further advance the technological dimensions there are. ","EchoMe still as a brainchild, came to me while I was typing an essay for college. And I thought, what if there is a software that I can install on my laptop and it automatically records my voice and types in everything I need to write. EchoMe will be designed to save time. The target audience includes everyone who needs to get something typed, like college students, working class population, even the retired people. The lot of who cannot communicate in writing can use EchoMe to communicate just by talking to the system. It is meant to bring the world together, double productivity, reduce mistakes, ensure accuracy, reduce plagiarism and piracy of work and provide ease of work to users. ",Technology and Innovation,59.09090909090909
37,"The chemical industry is grappling with significant challenges like resource scarcity, increasing regulatory pressures, and the need to reduce the adverse environmental footprint. This not only hampers the industry's flexibility and adaptability but also poses a threat to its financial health.  ","Let's leverage the concept of Chemical Leasing. Unlike traditional business models where chemical producers sell as much product as possible, Chemical Leasing focuses on selling the function of a chemical. This means that chemical producers and users form a partnership, agreeing to strive for reduced chemical use and a safer, more efficient working process. This model promotes the most efficient use of chemicals, reducing waste and limiting environmental impact.  At the same time, it solves the financial challenge by turning a volume-based sales approach into a value-based one, thus aligning the interests of both buyer and seller. This approach is credible, as it has been implemented successfully in various cases like UNIDO's global chemical leasing awards.   The solution is feasible and scalable as it doesn't require substantial financial or technological changes and can be applied across various industries and chemical applications.",Business and Economic Models,69.54545454545455
38,"The fashion industry contributes significantly to waste as outdated, damaged, or unsold clothes are often discarded without any attempt to reuse or recycle them. This not only depletes our resources but also creates harmful environmental impact.  ","My innovative and creative solution leverages my talent as a designer and upcycles discarded upholstery fabric and old tank tops into fashionable dresses. This isn't just about recycling. It's about prompting a perceptual shift in how we view waste as a society, transforming something old into something beautiful and desirable. I envision a future where waste reduction is trendy, and every recycled dress becomes a story of transformation. The potential business application is immense ÃÂ¢ÃÂÃÂ fashion houses and retail stores can incorporate an upcycled line into their collections. This idea is not only environmentally friendly but could also tap into the growing market of consumers who prioritize sustainable practices. Plus, this concept can be scaled by collaborating with other designers, thrift shops, or fabric waste-producing companies to source reusable materials, making it feasible and scalable.",Sustainable Design,68.18181818181819
39,"People who suffer with Parkinsons & Essential Tremor trying to put the curser arrow onto the computer screen using the mouse - I have great difficulty as I suffer from this.
",I have none but there are millions of sufferers,Technology and Innovation,3.636363636363636
40,The massive carbon emissions and high energy consumption associated with clay and cement production in factories contribute to environmental degradation.,"Adopt the use of bio-based materialsÃÂ¢ÃÂÃÂlike sustainable timber, bamboo, or hempcreteÃÂ¢ÃÂÃÂfor construction. These alternate materials consume less energy during production, store carbon, and can be recycled or safely decomposed at the end of their life cycle, committing to the principles of the circular economy. It is also beneficial to encourage architectural designs geared towards resource efficiency, leveraging technologies like 3D printing to minimize waste generation, and promote modular building techniques that allow for the easy disassembly, reuse, and refurbishment of components over time.",Sustainable Design,58.63636363636363
41,"Electronic devices, particularly smartphones, have short life-cycles and their rapid turnover exacerbates the e-waste problem contributing to significant environmental issues.  ","We propose a Smartphone Leasing and Hardware as a Service (HaaS) model. This for-profit initiative involves leasing smartphones to customers with an agreement to return them at the end of the lease period. The returned smartphones are then refurbished and put back into the leasing circulation. Malfunctioning devices are broken down to component level and these components are used to refurbish other smartphones.   Above all, this approach discourages consumers' impulse for frequent device upgrades as the responsibility and cost of device disposal would be shifted from consumers to the leasing company. This instil a more sustainable consumer behaviour in technology use while still allowing access to the latest devices.   Novelty: This solution not only involves e-waste management but also challenges the traditional device ownership model. It is a financial service, a tech service, and a green initiative rolled into one.  Environmental Impact: This system dramatically reduces e-waste by extending product life and resource use. By inhibiting the urge for constant upgrade, it reduces the demand for new devices thus minimizing the exploitation of resources and environmental impact during manufacturing.  Financial Impact: This solution could be highly profitable and provides a steady income stream for businesses through leasing revenues. It reduces the purchase barrier, attracting a wider customer base who can access latest tech without hefty upfront costs.   Feasibility and Scalability of Implementation: The Solution is quite feasible as it leverages existing smartphone refurbishing techniques and reverse logistics infrastructure. The demand for smartphones is global, making it highly scalable. Regulatory compliance with waste management regulations, and user trust in terms of data security will be critical for success.",Business and Economic Models,69.0909090909091
42,"Every day, businesses across sectors and industries discard enormous quantities of waste material. Items such as paper, cardboard, metal scraps, plastic, food waste and many others represent a significant environmental issue while also a underutilized resource. Landfills continue to increase and valuable resources are being wasted rather than effectively utilized.  ","The solution is a B2B Platform for Waste Trading. This cloud-based platform would work as a marketplace for businesses to sell and buy their waste. Businesses could list the waste materials they produce and other businesses who need those materials as raw material for their products could buy them. This marketplace would help to create a continuous cycle of reusing and recycling materials, reducing waste and helping each business to become more sustainable in the process. Moreover, by turning waste into a revenue stream for businesses, they would have more incentive to manage their waste more responsibly. This solution would support both the environment and the economy, aligning profitability with sustainability.",Waste Management or Reduction,65.45454545454545
43,The increasing amount of Electronic waste (E-Waste) due to rapid technological advancements and consumer upgrading culture not only leads to environmental hazards but also locks up valuable resources that can be utilized to generate economic value.,"E-Waste Return Dispensers' could be implemented as an enhanced option. These advanced collection units can reside within stores or community centers, where customers can return their unwanted electronics. What makes these return dispensers novel is the integration of advanced sorting technology to assess the device's refurbishing recyclability right at the point of collection. Customers could then receive immediate market-based incentives, potentially even receiving higher rewards for devices of higher recyclability or resale value.   Furthermore, to boost the financial impact, collaboration with tech companies to use these return points for launching their refurbished products could generate additional revenue streams. This approach not only decreases the amount of hazardous e-waste but also extends the life of these devices, ensuring an overall reduction in electronic goods manufacture. By linking all the stakeholders through a tech-enabled platform - manufacturers, retailers, recyclers, consumers - we can ensure seamless coordination and maximum resource circulation within the economy. Despite the high initial investment for infrastructure and technology, this model promises high returns due to the dual revenue streamsÃÂ¢ÃÂÃÂfrom the resale of quality-checked refurbished devices and the extraction of valuable components from non-reusable devices.",Waste Management or Reduction,70.45454545454545
44,Substantial waste generated from the production and disposal of garments in the global fashion industry requires severe action to reduce its environmental footprint.,"We propose a 'Hybrid Fashion Platform' that blends both selling and renting options, reducing the hurdles of transitioning entirely to a rental model, and reducing unnecessary production.   This platform would offer a new type of hybrid service. Customers could buy or rent clothing interchangeably depending on their needs. For example, for occasion-specific garments like a wedding dress or a tuxedo, customers can choose to rent for single use. Core wardrobe essentials can be purchased.   The platform will also encourage users to sell back their clothes after purchase and use, receiving a part of the original price or credit for future purchases. These clothes undergo rigorous quality checks, and if they pass, they are repaired if needed and put back either for selling as preloved items or for renting, thus creating a closed-loop system.   This solution allows for more fluid consumer behavior, encouraging a mix of renting, buying, and selling back while reducing overproduction.   This platform manages environmental impact by reducing carbon footprints and waste from overproduction. The mixed renting and retaining model balance the excessive transportation associated with pure rental models.   The financial impact is considerable as it provides businesses with a more flexible model that can cater to broader audiences. It does not rely solely on income from subscription fees but also profits from 'resale' of used clothes, widening its customer base.   The feasibility and scalability are relatively high. It gradually introduces consumers to the concept of clothing rental and selling back used clothes without entirely upending existing industry operation models. This approach enhances the likelihood of widespread industry and consumer adoption while still operating within the principles of a circular economy.",Sustainable Design,70.9090909090909
45,"Millions of tons of e-waste are generated each year, with a majority of it ending up in landfills. Not only is this detrimental to the environment by contributing to pollution and waste, but a lot of valuable components and materials are also wasted, which could have been reused or recycled.   ","The solution, Electronic Waste Recovery and Repurposing (EWRP), involves two main steps. Firstly, applying an advanced sorting technology for managing e-waste, which includes automated sorting systems, robotics, and AI algorithms that can distinguish and separate different types of electronic waste rapidly and accurately. This ensures not just the precious metals are extracted, but also plastics and other materials which often get ignored.   The second part of EWRP is repurposing. Once the valuable components are extracted they can be sold back to electronic and tech companies as raw materials, thereby creating a loop of resource usage. Furthermore, these components can be used in the creation of affordable refurbished electronics for low-income communities, thus reducing the digital divide.   While repurposing is not currently new, combining it with advanced tech for better sorting and extraction makes EWRP unique. The environmental impact is enormous, as it reduces e-waste and the need for new materials. From a financial standpoint, selling extracted components provides companies with sustainable raw materials at potentially lower costs, generating revenue from waste. The technology needed already exists making it feasible; and given the growing amount of e-waste, the scalability is also high.",Waste Management or Reduction,72.72727272727273
46,"Excessive plastic waste, especially from commonly used items such as shaving razors, kitchen utensils, and electronic gadget handles, is a significant environmental problem. It contributes to landfill build-up, ocean pollution, and poses risks to wildlife, while also consuming limited fossil resources for production.  ","A possible solution is to introduce bio-plastic alternatives made from renewable plant sources such as corn starch. Working together with manufacturers, we can design products with replaceable heads, so the bio-plastic handles can be re-used and thereby minimize waste. Not only will this have a positive environmental impact by reducing plastic waste, but it can also add financial value to businesses by differentiating their product as sustainable. This will particularly appeal to a growing consumer base that prioritizes eco-friendly products. The use of renewable plant sources also adds to the model's scalability, as these resources are readily available in many parts of the world.",Sustainable Design,67.72727272727273
47,"The traditional construction process is flawed in its excessive use of non-renewable resources, creation of materials waste, and significant contributions to greenhouse gas emissions. These environmentally harmful practices are standard across the industry due to the reliability and low costs of conventional construction materials, creating a widespread and far-reaching environmental issue.  ","Biohm presents a revolutionary solution with its development of bio-based materials and biomanufacturing processes. Their unique products include mycelium-based insulation and a sheeting material made from food and agricultural waste called Orb (Organic Refuse Biocompound), and a plant-based concrete. Not only are these materials completely natural, but preliminary testing has shown they out-perform synthetic, harmful alternatives commonly seen in the industry. However, these bio-products' feasibility, affordability, and the scalability to replace conventional materials on a global scale still needs extensive research. The potential environmental impact would be monumental, shifting the construction industry towards a more sustainable model in alignment with circular economy principles.",Sustainable Design,70.0
48,"'Fast Fashion' Encourages Textile Waste and Overconsumption: The current fashion industry operates under a 'take, make, dispose' model, which encourages overconsumption and creates a huge amount of textile waste, contributing to environmental pollution and resource depletion.   ","Introduction of a Sustainable Clothing Rental and Recycling Business: This idea incorporates the use of digital platforms to allow customers to lease, rather than buy, high-quality and fashionable clothing items. This reduces the overall demand for new clothing production and thus, textile waste. Additionally, worn-out or returned clothes could be refurbished for further use or responsibly recycled to create new materials. This approach also encourages the conscious consumption of fashion, which can contribute to the overall health and well-being of individuals and society by creating a culture of mindful shopping.",Sustainable Design,67.72727272727273
49,Shortage of water,We know that we are facing shortage of water. We can save earth water by using storage of waste water. for ex: we can save cloths clean water and use it for Latrine clean and Toilet. clean. Because I am seeing lots of clean water are using in Latrine and Toilets.,Waste Management or Reduction,26.363636363636363
50,"Many students struggle with affording textbooks each semester due to high costs, contributing to financial stress during their academic studies.  ","Implement a textbook rental system within universities so students can lease instead of buying them. This not only makes education more affordable but also promotes reusable resources, driving the educational sector towards a circular economy. The used textbooks can be repaired or refurbished if necessary, ensuring their maximum use. The system could also incorporate a platform for students to share or exchange books, facilitating further reuse.",Sustainable Design,65.9090909090909
